month,topic_id,topic_weight
2011-01,0,0.05686480876922364
2011-01,1,0.05216365736021907
2011-01,2,0.07370257321556997
2011-01,3,0.09731490790518986
2011-01,4,0.02641519646870812
2011-01,5,0.03644902912979572
2011-01,6,0.027266529950968472
2011-01,7,0.08019616847910058
2011-01,8,0.08121577666967841
2011-01,9,0.009653775815126447
2011-01,10,0.10684145894465046
2011-01,11,0.013029365768817195
2011-01,12,0.015167588271477647
2011-01,13,0.008341190607559215
2011-01,14,0.02603573060291731
2011-01,15,0.09650142811998619
2011-01,16,0.0038686681764218403
2011-01,17,0.040142897575732285
2011-01,18,0.10421862173725781
2011-01,19,0.044610626431599826
2011-02,0,0.06677457621383166
2011-02,1,0.034635795539801756
2011-02,2,0.03398936586023173
2011-02,3,0.05681598087357677
2011-02,4,0.021760109163956886
2011-02,5,0.029612306781451818
2011-02,6,0.011147646618834082
2011-02,7,0.036936715982445904
2011-02,8,0.1935101385839544
2011-02,9,0.005768685219850709
2011-02,10,0.16925515595287063
2011-02,11,0.009943713271178257
2011-02,12,0.0196103470413487
2011-02,13,0.006967473966829299
2011-02,14,0.018478858004431886
2011-02,15,0.10740636015715918
2011-02,16,0.004465187821580733
2011-02,17,0.024488860902338608
2011-02,18,0.11632322292812132
2011-02,19,0.03210949911620599
2011-03,0,0.06838520266980931
2011-03,1,0.050150321259317274
2011-03,2,0.04590652037222855
2011-03,3,0.0951030157060542
2011-03,4,0.036846037058285
2011-03,5,0.025506579849159373
2011-03,6,0.011929258874274765
2011-03,7,0.022085166531052115
2011-03,8,0.17112205189865734
2011-03,9,0.005951827255286959
2011-03,10,0.06828953639685165
2011-03,11,0.006828627364688448
2011-03,12,0.019600152955957652
2011-03,13,0.016830770463266784
2011-03,14,0.022533088631086613
2011-03,15,0.0965697149057299
2011-03,16,0.02019795399160993
2011-03,17,0.05293107140859123
2011-03,18,0.13291579370928389
2011-03,19,0.030317308698809095
2011-04,0,0.05339661428408813
2011-04,1,0.04335169603470631
2011-04,2,0.056066152349763275
2011-04,3,0.1025239600218924
2011-04,4,0.03296162196545128
2011-04,5,0.027610765853699853
2011-04,6,0.003955535827539411
2011-04,7,0.02449448655748796
2011-04,8,0.17660712055205663
2011-04,9,0.005901702674275696
2011-04,10,0.061570119806636826
2011-04,11,0.005905057683571697
2011-04,12,0.042237346730053346
2011-04,13,0.03062928687305435
2011-04,14,0.03447879284113301
2011-04,15,0.07415332962723743
2011-04,16,0.027349412099517762
2011-04,17,0.06706644947843382
2011-04,18,0.0942631803314699
2011-04,19,0.03547736840793093
2011-05,0,0.08977074027468979
2011-05,1,0.06767548025153262
2011-05,2,0.06649051580023546
2011-05,3,0.08152747659431082
2011-05,4,0.03414938426773793
2011-05,5,0.05652094186484663
2011-05,6,0.013030772730663802
2011-05,7,0.04033827560212311
2011-05,8,0.12227731370709108
2011-05,9,0.0034465274642485784
2011-05,10,0.03914026828411603
2011-05,11,0.010967589672944863
2011-05,12,0.024685516833918775
2011-05,13,0.03383139966466816
2011-05,14,0.02653726377609132
2011-05,15,0.0810643349117465
2011-05,16,0.03291407475537228
2011-05,17,0.04948931236885192
2011-05,18,0.09039260221294178
2011-05,19,0.035750208961868646
2011-06,0,0.05449192434009566
2011-06,1,0.06545837370997647
2011-06,2,0.03925705391180934
2011-06,3,0.11400989236699428
2011-06,4,0.04415744601168282
2011-06,5,0.020050014020954954
2011-06,6,0.008892607261531509
2011-06,7,0.03861726268822598
2011-06,8,0.12307730660335169
2011-06,9,0.024825728052273018
2011-06,10,0.03481867413600757
2011-06,11,0.010428570639456477
2011-06,12,0.031766696811529334
2011-06,13,0.0391630806230998
2011-06,14,0.027692997666159968
2011-06,15,0.1083165693121192
2011-06,16,0.04388229245880616
2011-06,17,0.04677875376843163
2011-06,18,0.10298398964949673
2011-06,19,0.021330765967997337
2011-07,0,0.07027477989363748
2011-07,1,0.05267370087972075
2011-07,2,0.0676258825758201
2011-07,3,0.11000049730901867
2011-07,4,0.030703901122098882
2011-07,5,0.015685127529408777
2011-07,6,0.01870177580143483
2011-07,7,0.024919112646843017
2011-07,8,0.1702233516295021
2011-07,9,0.009185907975729655
2011-07,10,0.05702289520428868
2011-07,11,0.010171992859966941
2011-07,12,0.02519009867846011
2011-07,13,0.02431119638775262
2011-07,14,0.035501906356612135
2011-07,15,0.07584016184256263
2011-07,16,0.03212347863942568
2011-07,17,0.02306618219313773
2011-07,18,0.11100426058653008
2011-07,19,0.03577378988804913
2011-08,0,0.06479253759954955
2011-08,1,0.04139796410159537
2011-08,2,0.049964237177475876
2011-08,3,0.12387097913482405
2011-08,4,0.028854184552366383
2011-08,5,0.02143365631556838
2011-08,6,0.010284765700167958
2011-08,7,0.024302557818096822
2011-08,8,0.12421988991498432
2011-08,9,0.010590235612180008
2011-08,10,0.06971354158560412
2011-08,11,0.00630998852115385
2011-08,12,0.017460915558728616
2011-08,13,0.06268715081323728
2011-08,14,0.04546079349083834
2011-08,15,0.08637781943349708
2011-08,16,0.04081639687355154
2011-08,17,0.05639652277021744
2011-08,18,0.06966074152273856
2011-08,19,0.04540512150362441
2011-09,0,0.05326156125040074
2011-09,1,0.057676123165665644
2011-09,2,0.08770988640597699
2011-09,3,0.11716286625291254
2011-09,4,0.027627934021092638
2011-09,5,0.030200678668412886
2011-09,6,0.005235321457389421
2011-09,7,0.06357300053618246
2011-09,8,0.1000484389183905
2011-09,9,0.020563114493652675
2011-09,10,0.03333773499440419
2011-09,11,0.016444846809744968
2011-09,12,0.029348447639193864
2011-09,13,0.031346995720093085
2011-09,14,0.07324788109254662
2011-09,15,0.06430252862144586
2011-09,16,0.023304166044786086
2011-09,17,0.029194847121653312
2011-09,18,0.09843859584307033
2011-09,19,0.0379750309429853
2011-10,0,0.08684494843998451
2011-10,1,0.07529370851431486
2011-10,2,0.053087004444984695
2011-10,3,0.09088251879442356
2011-10,4,0.03407016418514949
2011-10,5,0.018435540373203278
2011-10,6,0.006623856225023425
2011-10,7,0.05372426637764804
2011-10,8,0.09232517004329102
2011-10,9,0.007088747269417631
2011-10,10,0.052395448720124554
2011-10,11,0.013149944598332434
2011-10,12,0.016967409203355273
2011-10,13,0.036857551217759715
2011-10,14,0.04146199033925551
2011-10,15,0.09300180659869425
2011-10,16,0.031089660346750356
2011-10,17,0.04678584440291201
2011-10,18,0.11404049270818475
2011-10,19,0.03587392719719053
2011-11,0,0.07699132076665943
2011-11,1,0.04688594523273117
2011-11,2,0.03505643003573515
2011-11,3,0.07050152906303116
2011-11,4,0.015077630161977672
2011-11,5,0.018360671152974038
2011-11,6,0.014446675264189747
2011-11,7,0.10697120548900814
2011-11,8,0.0932084475040443
2011-11,9,0.014806098898379395
2011-11,10,0.08095044058011897
2011-11,11,0.008039764674338748
2011-11,12,0.02051674462233514
2011-11,13,0.05733313823557927
2011-11,14,0.05194782857331668
2011-11,15,0.07390770054220781
2011-11,16,0.022832823397419544
2011-11,17,0.031806432078235546
2011-11,18,0.10979321872592583
2011-11,19,0.05056595500179231
2011-12,0,0.0873450523733684
2011-12,1,0.0440036803559174
2011-12,2,0.04126464805404682
2011-12,3,0.10195668363509101
2011-12,4,0.01908416827826519
2011-12,5,0.020687269575306682
2011-12,6,0.015002434481674707
2011-12,7,0.10943011110836316
2011-12,8,0.07742460815850524
2011-12,9,0.010739923724260723
2011-12,10,0.04831733034439029
2011-12,11,0.00820809692819389
2011-12,12,0.022643463150086727
2011-12,13,0.03193294944852055
2011-12,14,0.02946496892570972
2011-12,15,0.08219905446242837
2011-12,16,0.03517061998868095
2011-12,17,0.02857430415254719
2011-12,18,0.12147384333715154
2011-12,19,0.06507678951749167
2012-01,0,0.08784129123685219
2012-01,1,0.04949334449933785
2012-01,2,0.057891701558851205
2012-01,3,0.08594920453444864
2012-01,4,0.018379733222676834
2012-01,5,0.02290713819033203
2012-01,6,0.009449967444716207
2012-01,7,0.153820765784755
2012-01,8,0.07111869284200108
2012-01,9,0.005377732523091331
2012-01,10,0.0779134680521733
2012-01,11,0.009211097378477355
2012-01,12,0.027899620438042633
2012-01,13,0.046566280114464155
2012-01,14,0.033370200206522246
2012-01,15,0.06302221063149083
2012-01,16,0.026601369440848243
2012-01,17,0.02146487103275093
2012-01,18,0.09862937639883779
2012-01,19,0.03309193446933017
2012-02,0,0.08036821271135712
2012-02,1,0.06193938340321234
2012-02,2,0.04229205629710384
2012-02,3,0.06739839835285925
2012-02,4,0.024650023085537744
2012-02,5,0.01669320512935449
2012-02,6,0.010521042896331406
2012-02,7,0.13698530744033907
2012-02,8,0.07378255749529028
2012-02,9,0.0019735399717843542
2012-02,10,0.054736784738824144
2012-02,11,0.006918836834156294
2012-02,12,0.020720149741028638
2012-02,13,0.10034402368839919
2012-02,14,0.04968761659649977
2012-02,15,0.06586040565950829
2012-02,16,0.039237775613729764
2012-02,17,0.023254813786888102
2012-02,18,0.0951761892094966
2012-02,19,0.027459677348299297
2012-03,0,0.07854087599973715
2012-03,1,0.03872128081468256
2012-03,2,0.051196637217608094
2012-03,3,0.11418437678446064
2012-03,4,0.022603022449387826
2012-03,5,0.014988912768150531
2012-03,6,0.007630089153313563
2012-03,7,0.11526327055134204
2012-03,8,0.052853854576214665
2012-03,9,0.010210108497010203
2012-03,10,0.06515836250162567
2012-03,11,0.012051814038340011
2012-03,12,0.03023587839116199
2012-03,13,0.0539277859866409
2012-03,14,0.041796044315991744
2012-03,15,0.06926723125259537
2012-03,16,0.06469715876474989
2012-03,17,0.037735251627857624
2012-03,18,0.09068591310302743
2012-03,19,0.028252131206102076
2012-04,0,0.05615168891993154
2012-04,1,0.05051867990998358
2012-04,2,0.06312727745521844
2012-04,3,0.08071643377879624
2012-04,4,0.018386140739419805
2012-04,5,0.01824192423876817
2012-04,6,0.007668531127459947
2012-04,7,0.1318438373705606
2012-04,8,0.06865742743529675
2012-04,9,0.014372014170560585
2012-04,10,0.09356218070519096
2012-04,11,0.010715219762762612
2012-04,12,0.013526644731258412
2012-04,13,0.060071461272997166
2012-04,14,0.06784953368000572
2012-04,15,0.054545482282990825
2012-04,16,0.06467176340986079
2012-04,17,0.016183614949043353
2012-04,18,0.08631111209186998
2012-04,19,0.022879031968024568
2012-05,0,0.06523219565195289
2012-05,1,0.05812879685155544
2012-05,2,0.04716876124071361
2012-05,3,0.09907662783015969
2012-05,4,0.035026872777860686
2012-05,5,0.024370173323617562
2012-05,6,0.009983055659887316
2012-05,7,0.13618583197737896
2012-05,8,0.05005996804661376
2012-05,9,0.006398074017885644
2012-05,10,0.0756480967291903
2012-05,11,0.008930443980895228
2012-05,12,0.01969024572837749
2012-05,13,0.0431509173582636
2012-05,14,0.04816817092388479
2012-05,15,0.07057473798863972
2012-05,16,0.053126143771953606
2012-05,17,0.028854446704244602
2012-05,18,0.10388722354186421
2012-05,19,0.016339215895060877
2012-06,0,0.034841386270556246
2012-06,1,0.06283076946992076
2012-06,2,0.04586497399570403
2012-06,3,0.11070106420467589
2012-06,4,0.014803667282653822
2012-06,5,0.019231060913141435
2012-06,6,0.010970067968139416
2012-06,7,0.08524408667097061
2012-06,8,0.02891207914253823
2012-06,9,0.016283528377691082
2012-06,10,0.09544677441139192
2012-06,11,0.004635419348932225
2012-06,12,0.024023601296916462
2012-06,13,0.08376370099973167
2012-06,14,0.048149007860781766
2012-06,15,0.09550699841732685
2012-06,16,0.05246634817207309
2012-06,17,0.034859731648522685
2012-06,18,0.10597405136840082
2012-06,19,0.02549168217993088
2012-07,0,0.06468976488824213
2012-07,1,0.05526132157127093
2012-07,2,0.05645365714134643
2012-07,3,0.07112942067925217
2012-07,4,0.013419113375515672
2012-07,5,0.009568249661491321
2012-07,6,0.017584873439196777
2012-07,7,0.09369599256524257
2012-07,8,0.027408492382962755
2012-07,9,0.020241376737075316
2012-07,10,0.06021851749964563
2012-07,11,0.013017479133805384
2012-07,12,0.01727912035305336
2012-07,13,0.08087270533493424
2012-07,14,0.05463883637862853
2012-07,15,0.08817227096329246
2012-07,16,0.10645326294093617
2012-07,17,0.022923058419958765
2012-07,18,0.10244800397846551
2012-07,19,0.02452448255568417
2012-08,0,0.0747857283460359
2012-08,1,0.03188867489129879
2012-08,2,0.04784786038578648
2012-08,3,0.10243383547286347
2012-08,4,0.01179635673405836
2012-08,5,0.011078988688736583
2012-08,6,0.027246913578773065
2012-08,7,0.10072095723480398
2012-08,8,0.03823491749770966
2012-08,9,0.012423857046345908
2012-08,10,0.06634562681384752
2012-08,11,0.010714685472374665
2012-08,12,0.01732624330931617
2012-08,13,0.05817222773281399
2012-08,14,0.05354694406034577
2012-08,15,0.07254882353743411
2012-08,16,0.14235070037739064
2012-08,17,0.024874910177034214
2012-08,18,0.07660053464423933
2012-08,19,0.019061213998791404
2012-09,0,0.09080966704993668
2012-09,1,0.06719253055838696
2012-09,2,0.05471547146336495
2012-09,3,0.09843065669558974
2012-09,4,0.01688746279363499
2012-09,5,0.02227211932837941
2012-09,6,0.01852304744573816
2012-09,7,0.08153969826398036
2012-09,8,0.05061268284911753
2012-09,9,0.012481624291810964
2012-09,10,0.069033287610464
2012-09,11,0.017093633328423764
2012-09,12,0.017003901979401295
2012-09,13,0.04421286375307784
2012-09,14,0.0594251031449137
2012-09,15,0.07409677508410287
2012-09,16,0.1012920229216116
2012-09,17,0.02392395731445262
2012-09,18,0.055113305296330746
2012-09,19,0.02534018882728182
2012-10,0,0.07325142339100776
2012-10,1,0.056093932308414585
2012-10,2,0.042309105869610356
2012-10,3,0.10335361487408865
2012-10,4,0.019673919798268276
2012-10,5,0.013423592607446454
2012-10,6,0.035092476297611516
2012-10,7,0.11365748229012654
2012-10,8,0.03806261583805349
2012-10,9,0.02430778911793468
2012-10,10,0.03853000551231446
2012-10,11,0.01413680075831064
2012-10,12,0.02693217756104309
2012-10,13,0.033554751535436154
2012-10,14,0.03763404267765904
2012-10,15,0.0804822885719612
2012-10,16,0.0925161130118354
2012-10,17,0.06132393230253911
2012-10,18,0.08296847941883094
2012-10,19,0.012695456257507653
2012-11,0,0.06204702060843726
2012-11,1,0.0405831127632636
2012-11,2,0.06111352482159216
2012-11,3,0.10038482096749106
2012-11,4,0.009658557344946297
2012-11,5,0.026727625827337623
2012-11,6,0.015242490266815067
2012-11,7,0.04233089577552383
2012-11,8,0.03172603931688378
2012-11,9,0.01173597052421418
2012-11,10,0.05794798978444748
2012-11,11,0.010170497092709513
2012-11,12,0.020579335347237545
2012-11,13,0.04675499052126655
2012-11,14,0.03888112804001664
2012-11,15,0.09343887446340747
2012-11,16,0.09062666193531885
2012-11,17,0.1362598036573682
2012-11,18,0.09160772804046732
2012-11,19,0.012182932901255553
2012-12,0,0.07254657471767091
2012-12,1,0.04561475159638375
2012-12,2,0.06524730746686705
2012-12,3,0.05927984304169505
2012-12,4,0.010597785462005559
2012-12,5,0.012349660282269309
2012-12,6,0.01777655677528481
2012-12,7,0.051240756947876616
2012-12,8,0.02563557639631342
2012-12,9,0.01084200849139391
2012-12,10,0.09811907348907922
2012-12,11,0.009894896914288994
2012-12,12,0.024171363035738393
2012-12,13,0.08401461852951556
2012-12,14,0.03860607551111123
2012-12,15,0.07248289973380324
2012-12,16,0.11987422073549406
2012-12,17,0.03788302488109604
2012-12,18,0.11585900864859149
2012-12,19,0.02796399734352146
2013-01,0,0.047207895348858366
2013-01,1,0.06500955899657163
2013-01,2,0.08798645337269068
2013-01,3,0.08315026526298452
2013-01,4,0.015778627030894884
2013-01,5,0.014380741245476043
2013-01,6,0.01908515547591203
2013-01,7,0.07723148618770527
2013-01,8,0.056639050284366575
2013-01,9,0.005184860361273371
2013-01,10,0.0901118349588758
2013-01,11,0.0061168321986076486
2013-01,12,0.025349073418690804
2013-01,13,0.05408696941687783
2013-01,14,0.038111747290546165
2013-01,15,0.07750718891743671
2013-01,16,0.06266898313660468
2013-01,17,0.02490495617375519
2013-01,18,0.11188176154786386
2013-01,19,0.037606559374008024
2013-02,0,0.05687085796381853
2013-02,1,0.07437773282503737
2013-02,2,0.08011197488472267
2013-02,3,0.07325055297166412
2013-02,4,0.014748661265272101
2013-02,5,0.038129174767162065
2013-02,6,0.027985882840781795
2013-02,7,0.13840091651136563
2013-02,8,0.05248525529134113
2013-02,9,0.0036441683411094308
2013-02,10,0.04540209583014654
2013-02,11,0.011758928001597146
2013-02,12,0.02695840016415751
2013-02,13,0.07146974527082683
2013-02,14,0.036505936218875434
2013-02,15,0.061212352871929394
2013-02,16,0.061114592912983816
2013-02,17,0.026053613277410542
2013-02,18,0.08287634233088918
2013-02,19,0.016642815458908906
2013-03,0,0.06893802691706821
2013-03,1,0.056291868734929945
2013-03,2,0.0962367204410172
2013-03,3,0.05978526714410461
2013-03,4,0.017548135367176462
2013-03,5,0.06053966850079561
2013-03,6,0.017774839750472407
2013-03,7,0.049186841811514746
2013-03,8,0.037778811451034656
2013-03,9,0.006650352969783109
2013-03,10,0.06124464229907124
2013-03,11,0.009950988553117199
2013-03,12,0.02066168923100113
2013-03,13,0.08117930259037527
2013-03,14,0.06502172195486276
2013-03,15,0.08624236688365437
2013-03,16,0.0742701981299038
2013-03,17,0.04232806915588535
2013-03,18,0.060899780231099515
2013-03,19,0.02747070788313222
2013-04,0,0.05607595145491393
2013-04,1,0.07066685883107549
2013-04,2,0.061552205805658594
2013-04,3,0.09471502184689955
2013-04,4,0.01358042518481188
2013-04,5,0.032831872763906686
2013-04,6,0.030517862239625083
2013-04,7,0.06464963124885247
2013-04,8,0.033261750011661984
2013-04,9,0.008976204490809062
2013-04,10,0.06674683698691117
2013-04,11,0.017014524497595187
2013-04,12,0.030464831894234948
2013-04,13,0.08559630221928222
2013-04,14,0.045109995620819625
2013-04,15,0.05177976071955207
2013-04,16,0.08718499358831674
2013-04,17,0.03798165976340089
2013-04,18,0.06972862449901754
2013-04,19,0.041564686332654886
2013-05,0,0.0647977280772406
2013-05,1,0.046785548564310234
2013-05,2,0.09385203034979168
2013-05,3,0.10369538274882074
2013-05,4,0.007258148712807284
2013-05,5,0.044072419833010794
2013-05,6,0.06845955618412441
2013-05,7,0.045883153226944126
2013-05,8,0.023863537241313758
2013-05,9,0.006998224288361677
2013-05,10,0.03863948660920763
2013-05,11,0.006873485201897171
2013-05,12,0.022195261274847243
2013-05,13,0.11885475204470793
2013-05,14,0.029804762715875982
2013-05,15,0.07376491236419654
2013-05,16,0.05933461927530967
2013-05,17,0.024313389716794115
2013-05,18,0.08595434522674698
2013-05,19,0.03459925634369138
2013-06,0,0.04008047175931455
2013-06,1,0.031895431050477194
2013-06,2,0.06418707031227334
2013-06,3,0.12300435779518713
2013-06,4,0.010356376964142044
2013-06,5,0.04671007869639015
2013-06,6,0.06911892187920904
2013-06,7,0.07562343125369782
2013-06,8,0.03784432557036076
2013-06,9,0.0026530508705431667
2013-06,10,0.05451653390990415
2013-06,11,0.008027641728092475
2013-06,12,0.016638979023679838
2013-06,13,0.06734749126098051
2013-06,14,0.03801340341185398
2013-06,15,0.09038156971818273
2013-06,16,0.0785583314397408
2013-06,17,0.027360204657423823
2013-06,18,0.08828804438305837
2013-06,19,0.029394284315488194
2013-07,0,0.05167287433352948
2013-07,1,0.041043936302094707
2013-07,2,0.06324684013560923
2013-07,3,0.10528284399053074
2013-07,4,0.012343612040395207
2013-07,5,0.05984202855742944
2013-07,6,0.03081529589056371
2013-07,7,0.03883041329160336
2013-07,8,0.032100985777091424
2013-07,9,0.0066367551642388676
2013-07,10,0.21867003476537678
2013-07,11,0.014355058202076347
2013-07,12,0.014183613274808389
2013-07,13,0.04612186224299534
2013-07,14,0.02462147948803025
2013-07,15,0.06767806465564304
2013-07,16,0.0574888680967168
2013-07,17,0.013297440804020557
2013-07,18,0.07422150503516876
2013-07,19,0.027546487952077547
2013-08,0,0.08750300746055863
2013-08,1,0.033837061969119786
2013-08,2,0.04989713401455778
2013-08,3,0.12834759371143034
2013-08,4,0.026819436294028894
2013-08,5,0.037739388433135554
2013-08,6,0.034055415474273806
2013-08,7,0.048084227543025375
2013-08,8,0.03411973988296648
2013-08,9,0.006119604574010345
2013-08,10,0.14540757111419628
2013-08,11,0.014272649966227822
2013-08,12,0.01707751758650597
2013-08,13,0.09457396866286297
2013-08,14,0.04209333860941413
2013-08,15,0.06180376405997502
2013-08,16,0.04381923439237467
2013-08,17,0.020474943263370553
2013-08,18,0.0465406937610064
2013-08,19,0.027413709226959192
2013-09,0,0.10608210910451692
2013-09,1,0.037655012013437406
2013-09,2,0.04183218270600395
2013-09,3,0.09083505431117986
2013-09,4,0.008396280408255975
2013-09,5,0.09155204613360814
2013-09,6,0.011823540690731363
2013-09,7,0.08629801732435022
2013-09,8,0.019960728031069505
2013-09,9,0.0036488382202354446
2013-09,10,0.048131660373010726
2013-09,11,0.011447922089131613
2013-09,12,0.019319938866617113
2013-09,13,0.17040040361453132
2013-09,14,0.060501024619519055
2013-09,15,0.060440223326520985
2013-09,16,0.033418264088348776
2013-09,17,0.014753074765856765
2013-09,18,0.051577518200516294
2013-09,19,0.03192616111255873
2013-10,0,0.047957167757529034
2013-10,1,0.045705889436090746
2013-10,2,0.0747461119197546
2013-10,3,0.11034483940158561
2013-10,4,0.018962678292835034
2013-10,5,0.03265541370620266
2013-10,6,0.019707649427388178
2013-10,7,0.13447297144668915
2013-10,8,0.03003210025850609
2013-10,9,0.009291116893812104
2013-10,10,0.06170531445533837
2013-10,11,0.013183153991256141
2013-10,12,0.02133932399509028
2013-10,13,0.07710863759793844
2013-10,14,0.06402369739724685
2013-10,15,0.08510744070980569
2013-10,16,0.05618300100294711
2013-10,17,0.014908698262029459
2013-10,18,0.04698642156554145
2013-10,19,0.03557837248241297
2013-11,0,0.047380746129467625
2013-11,1,0.04648603168303985
2013-11,2,0.06405949817652819
2013-11,3,0.09139928784949253
2013-11,4,0.020636418108043866
2013-11,5,0.09917764749458928
2013-11,6,0.019676579738509604
2013-11,7,0.15813146792586574
2013-11,8,0.02349652269726034
2013-11,9,0.007831252936522459
2013-11,10,0.060313871511711824
2013-11,11,0.016734476971698463
2013-11,12,0.015020942042905466
2013-11,13,0.06235151064850871
2013-11,14,0.03481881171801177
2013-11,15,0.07514236711614124
2013-11,16,0.06259450479957894
2013-11,17,0.02359506356074125
2013-11,18,0.040408088502987126
2013-11,19,0.030744910388395854
2013-12,0,0.05361806448678772
2013-12,1,0.05410511599497349
2013-12,2,0.05482036698140604
2013-12,3,0.14525450736714954
2013-12,4,0.0241513518302836
2013-12,5,0.04327891677139184
2013-12,6,0.04172584163178117
2013-12,7,0.07643566081127906
2013-12,8,0.03324273128936872
2013-12,9,0.005336935658738456
2013-12,10,0.06383567955108133
2013-12,11,0.0203891900031537
2013-12,12,0.02737259032757708
2013-12,13,0.04894294116529083
2013-12,14,0.0496511194401423
2013-12,15,0.07534596085196804
2013-12,16,0.0597801458462061
2013-12,17,0.03320702464332465
2013-12,18,0.05612222872016466
2013-12,19,0.033383626627931755
2014-01,0,0.03851707071301259
2014-01,1,0.054801559801641114
2014-01,2,0.07804016591122423
2014-01,3,0.08410302417932627
2014-01,4,0.014221246972124419
2014-01,5,0.05949817591417562
2014-01,6,0.036382893057377574
2014-01,7,0.07909780220849906
2014-01,8,0.026620458344551023
2014-01,9,0.0019645137361049315
2014-01,10,0.07296843581761465
2014-01,11,0.03319304466522482
2014-01,12,0.02350479471050567
2014-01,13,0.09073689700603599
2014-01,14,0.04342458564357294
2014-01,15,0.06062220559842227
2014-01,16,0.05722761393243263
2014-01,17,0.033833216509276925
2014-01,18,0.06827155913983793
2014-01,19,0.04297073613903942
2014-02,0,0.04767447771212172
2014-02,1,0.047992941366544035
2014-02,2,0.0627233804917592
2014-02,3,0.09869967340664319
2014-02,4,0.017813490996297424
2014-02,5,0.06356807154498499
2014-02,6,0.015527200192895984
2014-02,7,0.09389116987245956
2014-02,8,0.02513708949427666
2014-02,9,0.0037253124880842698
2014-02,10,0.05498282133180203
2014-02,11,0.042015652469147395
2014-02,12,0.014987686017620497
2014-02,13,0.09009351945771771
2014-02,14,0.07388548146126504
2014-02,15,0.05442399525304723
2014-02,16,0.06311676956835274
2014-02,17,0.020701096768126783
2014-02,18,0.07302789439409213
2014-02,19,0.03601227571276134
2014-03,0,0.034966194171508834
2014-03,1,0.06085506681979583
2014-03,2,0.08883423807604325
2014-03,3,0.12007425576899133
2014-03,4,0.02855564998464958
2014-03,5,0.050056526104906095
2014-03,6,0.026963877305692833
2014-03,7,0.05967374376998185
2014-03,8,0.028872039020045783
2014-03,9,0.007485614794514318
2014-03,10,0.062407819663917535
2014-03,11,0.018007425846045942
2014-03,12,0.026680712601579823
2014-03,13,0.05415713538859732
2014-03,14,0.07115537391308306
2014-03,15,0.07031812182773596
2014-03,16,0.06029106180370385
2014-03,17,0.05823695920676804
2014-03,18,0.05078273499094668
2014-03,19,0.021625448941492074
2014-04,0,0.046775663589440096
2014-04,1,0.0887182392252051
2014-04,2,0.10954132278067553
2014-04,3,0.10387541112318839
2014-04,4,0.016445028565134284
2014-04,5,0.06542771042722756
2014-04,6,0.02345194751851074
2014-04,7,0.0755852865603153
2014-04,8,0.013867925637116071
2014-04,9,0.007105175713866377
2014-04,10,0.03358125738161528
2014-04,11,0.02249854658752176
2014-04,12,0.021185417127603898
2014-04,13,0.04895454191400599
2014-04,14,0.06061048716394212
2014-04,15,0.07994010092508622
2014-04,16,0.0563344832118169
2014-04,17,0.03544453697832064
2014-04,18,0.059204121777476464
2014-04,19,0.03145279579193136
2014-05,0,0.05986030390112999
2014-05,1,0.06974182321645576
2014-05,2,0.06731302023866578
2014-05,3,0.11744335096777758
2014-05,4,0.03336815879042863
2014-05,5,0.0284876354849344
2014-05,6,0.027847901795036427
2014-05,7,0.05232582257394587
2014-05,8,0.025778547997354028
2014-05,9,0.00181647979599122
2014-05,10,0.08327455163369402
2014-05,11,0.027144493708698536
2014-05,12,0.028187913176236687
2014-05,13,0.049390259073820435
2014-05,14,0.06378801963932298
2014-05,15,0.09644674382076986
2014-05,16,0.06541337000021992
2014-05,17,0.019187574937445676
2014-05,18,0.06680576027672806
2014-05,19,0.01637826897134418
2014-06,0,0.06629275384643081
2014-06,1,0.05797052937983996
2014-06,2,0.042041185180935414
2014-06,3,0.10498219339485981
2014-06,4,0.013062177946383818
2014-06,5,0.044843490618276645
2014-06,6,0.014691632581538328
2014-06,7,0.05540748659830946
2014-06,8,0.013865538212665625
2014-06,9,0.005219089347725414
2014-06,10,0.05775615640074144
2014-06,11,0.08293716449317641
2014-06,12,0.019306650348322213
2014-06,13,0.03837847011374987
2014-06,14,0.02883745738634265
2014-06,15,0.07602629917918616
2014-06,16,0.02326683990225086
2014-06,17,0.05644695860978396
2014-06,18,0.07106335077272166
2014-06,19,0.12760457568675954
2014-07,0,0.03413674764213758
2014-07,1,0.04593215126829702
2014-07,2,0.046468346659989446
2014-07,3,0.12609621264681173
2014-07,4,0.01058068785142878
2014-07,5,0.05209677770906133
2014-07,6,0.008128245993426573
2014-07,7,0.042790721726529465
2014-07,8,0.021547432218351162
2014-07,9,0.006455906253160241
2014-07,10,0.03702298230414971
2014-07,11,0.04816009128493951
2014-07,12,0.017825805773089433
2014-07,13,0.01783915596829608
2014-07,14,0.04803006624947291
2014-07,15,0.10281028261643836
2014-07,16,0.021083153131402105
2014-07,17,0.20093571693760962
2014-07,18,0.05507334380885622
2014-07,19,0.056986171956552575
2014-08,0,0.08368102402136572
2014-08,1,0.04333930634952967
2014-08,2,0.024912096142887436
2014-08,3,0.09122232746826972
2014-08,4,0.010356505848744552
2014-08,5,0.03825183517309929
2014-08,6,0.019158813786215773
2014-08,7,0.03374039903072781
2014-08,8,0.020038800546965135
2014-08,9,0.013621011528348999
2014-08,10,0.03010415974138319
2014-08,11,0.11411620849977155
2014-08,12,0.02452381263304269
2014-08,13,0.024046657024107503
2014-08,14,0.05468166737872927
2014-08,15,0.0956735102639846
2014-08,16,0.03285915052043197
2014-08,17,0.13854229317630506
2014-08,18,0.05177446751119559
2014-08,19,0.05535595335489439
2014-09,0,0.10289430754849051
2014-09,1,0.04846004080449982
2014-09,2,0.02998523608946938
2014-09,3,0.06703849554947046
2014-09,4,0.030115771659776653
2014-09,5,0.04121452114644222
2014-09,6,0.015656996164657693
2014-09,7,0.03811657566236398
2014-09,8,0.017612639393620233
2014-09,9,0.0230729972705231
2014-09,10,0.01883283841787601
2014-09,11,0.17629113239272756
2014-09,12,0.024961109474848413
2014-09,13,0.04497446245088928
2014-09,14,0.047425158740357555
2014-09,15,0.08012350324888057
2014-09,16,0.04634423981773292
2014-09,17,0.05237196649317281
2014-09,18,0.04464956808337663
2014-09,19,0.04985843959082443
2014-10,0,0.06230351646584284
2014-10,1,0.052745747189782456
2014-10,2,0.08411662970956797
2014-10,3,0.11155569910379162
2014-10,4,0.023257530973799442
2014-10,5,0.03338288119926092
2014-10,6,0.02549198452569175
2014-10,7,0.03980379567592699
2014-10,8,0.033345895332029994
2014-10,9,0.0413492810204464
2014-10,10,0.027547098870656928
2014-10,11,0.14618476670030514
2014-10,12,0.0320789259210411
2014-10,13,0.018691520725098616
2014-10,14,0.04193219545882068
2014-10,15,0.07587956783766364
2014-10,16,0.030691382592200635
2014-10,17,0.025216028827874656
2014-10,18,0.04818933569083487
2014-10,19,0.04623621617936324
2014-11,0,0.0701523899945251
2014-11,1,0.0565862589175805
2014-11,2,0.09612332264642912
2014-11,3,0.1035083725739975
2014-11,4,0.022364416134145526
2014-11,5,0.04754526694549861
2014-11,6,0.015740589470234313
2014-11,7,0.09111767731354745
2014-11,8,0.03636073944726649
2014-11,9,0.006949006298664201
2014-11,10,0.058277669727253525
2014-11,11,0.10278534238142872
2014-11,12,0.021151364925609477
2014-11,13,0.015144338756708347
2014-11,14,0.04424355819477083
2014-11,15,0.08321608369893467
2014-11,16,0.025233654936983922
2014-11,17,0.02925225073467083
2014-11,18,0.03837652808287872
2014-11,19,0.035871168818872146
2014-12,0,0.06889892962413177
2014-12,1,0.09842749993797678
2014-12,2,0.10454765987705755
2014-12,3,0.09869675064508575
2014-12,4,0.03228814762901685
2014-12,5,0.03365937965489836
2014-12,6,0.02006035695695905
2014-12,7,0.03965972822018528
2014-12,8,0.02325411305561043
2014-12,9,0.00794144291430042
2014-12,10,0.045258108349189495
2014-12,11,0.0891740317632543
2014-12,12,0.03595949266735324
2014-12,13,0.013296540621027877
2014-12,14,0.06655485757792985
2014-12,15,0.07729097205791773
2014-12,16,0.018310615180349127
2014-12,17,0.02457523475559863
2014-12,18,0.07101569453297081
2014-12,19,0.03113044397918674
2015-01,0,0.048924619507121715
2015-01,1,0.09971341255269768
2015-01,2,0.07813973666781474
2015-01,3,0.08346488898677651
2015-01,4,0.068153544322099
2015-01,5,0.041443116897155005
2015-01,6,0.04201667658744379
2015-01,7,0.05144739042802076
2015-01,8,0.03468919310525258
2015-01,9,0.006220563270379837
2015-01,10,0.054592385498665186
2015-01,11,0.07815413910203788
2015-01,12,0.023875070774843923
2015-01,13,0.019695997404828296
2015-01,14,0.03682579183806429
2015-01,15,0.08214877776282394
2015-01,16,0.018002048376261626
2015-01,17,0.04055281374222737
2015-01,18,0.08320430027220367
2015-01,19,0.008735532903282446
2015-02,0,0.04125592254576181
2015-02,1,0.0787657482212074
2015-02,2,0.06922645032020235
2015-02,3,0.0738228766984744
2015-02,4,0.05599848684524495
2015-02,5,0.041407932460635226
2015-02,6,0.013947119540602954
2015-02,7,0.06241511562928486
2015-02,8,0.04530666356390914
2015-02,9,0.010211672225610495
2015-02,10,0.06229067131619765
2015-02,11,0.12434425132996602
2015-02,12,0.02391508481536405
2015-02,13,0.028065395288205435
2015-02,14,0.05460752145376386
2015-02,15,0.07238384590492042
2015-02,16,0.023521882505571388
2015-02,17,0.024713417326851228
2015-02,18,0.07347384687012859
2015-02,19,0.02032609513809784
2015-03,0,0.045443705208910376
2015-03,1,0.054222589283366464
2015-03,2,0.09362003884446471
2015-03,3,0.06804427540926863
2015-03,4,0.04409334492397456
2015-03,5,0.09993487388856082
2015-03,6,0.008148742356826314
2015-03,7,0.11678030934829906
2015-03,8,0.01703110530349352
2015-03,9,0.0042809943072314
2015-03,10,0.036111057510251426
2015-03,11,0.09773273492219649
2015-03,12,0.019704486034562985
2015-03,13,0.01854588444778449
2015-03,14,0.047269102415923685
2015-03,15,0.06389150222333763
2015-03,16,0.019782689837768933
2015-03,17,0.0164426858291304
2015-03,18,0.08502322078690001
2015-03,19,0.04389665711774837
2015-04,0,0.06031837105564147
2015-04,1,0.050424189161273246
2015-04,2,0.05232969844182994
2015-04,3,0.09999121039897911
2015-04,4,0.10083585389217642
2015-04,5,0.0813974823135633
2015-04,6,0.015015223817308012
2015-04,7,0.1326130631139339
2015-04,8,0.012993134679437622
2015-04,9,0.0035799474394897766
2015-04,10,0.0264359778080769
2015-04,11,0.06454907553269751
2015-04,12,0.02052048145678138
2015-04,13,0.012480286086807941
2015-04,14,0.04475088481223498
2015-04,15,0.08383695167522372
2015-04,16,0.032789355779925304
2015-04,17,0.025320208460618134
2015-04,18,0.049191640419810424
2015-04,19,0.03062696365419093
2015-05,0,0.054305583721483267
2015-05,1,0.07859198505198127
2015-05,2,0.07345813048154445
2015-05,3,0.10711102335324026
2015-05,4,0.07281490463090198
2015-05,5,0.03725027327004226
2015-05,6,0.008941181995110363
2015-05,7,0.09183969221492673
2015-05,8,0.024407331406172402
2015-05,9,0.005171976987268501
2015-05,10,0.019844582917945806
2015-05,11,0.09261733578118758
2015-05,12,0.020958600770620693
2015-05,13,0.01695830972997596
2015-05,14,0.03208882077381698
2015-05,15,0.09396293415390597
2015-05,16,0.043784257159620074
2015-05,17,0.01994291352522752
2015-05,18,0.0624336064725708
2015-05,19,0.04351655560245723
2015-06,0,0.07217406329938353
2015-06,1,0.07481379648713972
2015-06,2,0.07927864727329151
2015-06,3,0.08171129745861616
2015-06,4,0.0719219793477863
2015-06,5,0.039202395879786814
2015-06,6,0.008579063230456862
2015-06,7,0.055388139007872005
2015-06,8,0.01563180018258449
2015-06,9,0.017016550895610636
2015-06,10,0.049423984428865475
2015-06,11,0.11108995123050205
2015-06,12,0.036994327984985094
2015-06,13,0.01576633031169286
2015-06,14,0.03617847702699745
2015-06,15,0.07233941629023795
2015-06,16,0.03496959845491003
2015-06,17,0.05040839543868768
2015-06,18,0.05489669851430443
2015-06,19,0.02221508725628903
2015-07,0,0.04438261584468547
2015-07,1,0.06340303697750332
2015-07,2,0.07015210746184379
2015-07,3,0.09618523079604199
2015-07,4,0.0483064885125799
2015-07,5,0.10943411429200672
2015-07,6,0.017969816807359772
2015-07,7,0.1836294686272511
2015-07,8,0.014043007626000744
2015-07,9,0.011057583829704717
2015-07,10,0.017252682131400895
2015-07,11,0.06551911720255557
2015-07,12,0.018953788615955702
2015-07,13,0.014924710393699586
2015-07,14,0.04138105670464003
2015-07,15,0.05472156439716148
2015-07,16,0.03991369896771431
2015-07,17,0.029782048205982646
2015-07,18,0.044233069918278516
2015-07,19,0.014754792687633684
2015-08,0,0.060122064763448994
2015-08,1,0.076059144880414
2015-08,2,0.06022386160919473
2015-08,3,0.08492579063196214
2015-08,4,0.04411402042658743
2015-08,5,0.04085049816882218
2015-08,6,0.012378456887810037
2015-08,7,0.10037834188994842
2015-08,8,0.038274599287149914
2015-08,9,0.0091104078810073
2015-08,10,0.04883669565002328
2015-08,11,0.08890321680064998
2015-08,12,0.02072210929367851
2015-08,13,0.035145046490635004
2015-08,14,0.03930228260630207
2015-08,15,0.09402090979733768
2015-08,16,0.0379733279609049
2015-08,17,0.026997950449595538
2015-08,18,0.06226650846980087
2015-08,19,0.019394766054727067
2015-09,0,0.05685401130035286
2015-09,1,0.06038990675416282
2015-09,2,0.07287288081979382
2015-09,3,0.10253827783339413
2015-09,4,0.060399132820279686
2015-09,5,0.07147091739391392
2015-09,6,0.02495335669022797
2015-09,7,0.08467298165077951
2015-09,8,0.03386784694368901
2015-09,9,0.008917769782731002
2015-09,10,0.02415962699743247
2015-09,11,0.06456815955677364
2015-09,12,0.02267953519388869
2015-09,13,0.055828566162903936
2015-09,14,0.0489252669144341
2015-09,15,0.09011166470045724
2015-09,16,0.02941127886107097
2015-09,17,0.02034729249400377
2015-09,18,0.052377430447316894
2015-09,19,0.01465409668239361
2015-10,0,0.0677194325287931
2015-10,1,0.05979901674652163
2015-10,2,0.14262111746885872
2015-10,3,0.11514360306155381
2015-10,4,0.04561475945716985
2015-10,5,0.030792243112315744
2015-10,6,0.010114659755624318
2015-10,7,0.07838377539942179
2015-10,8,0.028527516292613943
2015-10,9,0.009608607491092576
2015-10,10,0.011599640467764436
2015-10,11,0.06403866127819285
2015-10,12,0.028375807541517143
2015-10,13,0.07799422935988717
2015-10,14,0.046985570330647417
2015-10,15,0.06680308844827472
2015-10,16,0.04169322060372551
2015-10,17,0.01145957448222366
2015-10,18,0.04198199682964855
2015-10,19,0.02074347934415316
2015-11,0,0.06713610004977172
2015-11,1,0.05131237663132276
2015-11,2,0.07144002920033046
2015-11,3,0.1228414244296783
2015-11,4,0.031158273065459482
2015-11,5,0.04408189288637565
2015-11,6,0.011431532478868817
2015-11,7,0.06739951313728869
2015-11,8,0.022250418038726415
2015-11,9,0.01633859122168221
2015-11,10,0.04897262907172803
2015-11,11,0.12595267550486489
2015-11,12,0.027499180996974806
2015-11,13,0.06278960630109032
2015-11,14,0.027460933869170333
2015-11,15,0.09853934900999134
2015-11,16,0.0210546951431028
2015-11,17,0.01888254610199462
2015-11,18,0.04547102663116769
2015-11,19,0.01798720623041082
2015-12,0,0.07077338357282152
2015-12,1,0.07279931408440274
2015-12,2,0.061585591788595934
2015-12,3,0.08616533928564983
2015-12,4,0.06406705640114221
2015-12,5,0.0385593002122192
2015-12,6,0.018733111574140374
2015-12,7,0.06564629550202941
2015-12,8,0.0212599984160817
2015-12,9,0.015627568269568345
2015-12,10,0.023450989053614167
2015-12,11,0.10771639381919854
2015-12,12,0.033827274350760606
2015-12,13,0.03529859624431607
2015-12,14,0.05126521103263103
2015-12,15,0.09154751116360686
2015-12,16,0.03290555987769986
2015-12,17,0.011003757297945593
2015-12,18,0.05682034302810901
2015-12,19,0.04094740502546696
2016-01,0,0.06786915016904987
2016-01,1,0.0814396524401011
2016-01,2,0.05607087047015709
2016-01,3,0.09823668536326843
2016-01,4,0.06288591013544427
2016-01,5,0.04144874588586244
2016-01,6,0.016320770088251804
2016-01,7,0.10986728937177478
2016-01,8,0.023613381221841534
2016-01,9,0.009291139966457494
2016-01,10,0.031349371723852985
2016-01,11,0.06919645816857539
2016-01,12,0.029108846645034745
2016-01,13,0.030832115597140632
2016-01,14,0.05348289832274527
2016-01,15,0.09459911383000623
2016-01,16,0.03253937812907449
2016-01,17,0.01912849223844471
2016-01,18,0.048857879756950995
2016-01,19,0.023861850475965965
2016-02,0,0.04158948418654598
2016-02,1,0.07054653102088293
2016-02,2,0.05988016492482259
2016-02,3,0.0734001039108368
2016-02,4,0.04287405738900383
2016-02,5,0.04043102529585325
2016-02,6,0.016147260273198905
2016-02,7,0.048547954097973536
2016-02,8,0.02178106866889209
2016-02,9,0.0184257290295638
2016-02,10,0.033762240233996196
2016-02,11,0.07828317952316526
2016-02,12,0.02668135776999555
2016-02,13,0.05481687707800865
2016-02,14,0.055347105009195985
2016-02,15,0.08838143795986625
2016-02,16,0.10196580881933506
2016-02,17,0.017760263149462992
2016-02,18,0.08397889368723363
2016-02,19,0.025399457972166816
2016-03,0,0.056567474468515594
2016-03,1,0.06766565285709382
2016-03,2,0.0684159132540275
2016-03,3,0.10602316337304238
2016-03,4,0.04816145717122985
2016-03,5,0.03177192698307662
2016-03,6,0.014271631386506865
2016-03,7,0.09557610140350102
2016-03,8,0.010935655964720513
2016-03,9,0.019052842722060634
2016-03,10,0.023378534315672172
2016-03,11,0.10084076971208254
2016-03,12,0.0213320144970448
2016-03,13,0.026874890145402865
2016-03,14,0.07113705461904267
2016-03,15,0.10146327493071156
2016-03,16,0.032777778841093314
2016-03,17,0.02700262188736519
2016-03,18,0.0620594359639921
2016-03,19,0.014691805503818083
2016-04,0,0.08151285979038622
2016-04,1,0.07426496528192456
2016-04,2,0.049483207604750515
2016-04,3,0.08964902306365027
2016-04,4,0.07818043310140892
2016-04,5,0.057670456405927197
2016-04,6,0.01608931218003462
2016-04,7,0.05947281301586642
2016-04,8,0.022477369543398403
2016-04,9,0.0031016144580725906
2016-04,10,0.027549214984537714
2016-04,11,0.06462399666160072
2016-04,12,0.020295550659198615
2016-04,13,0.04175493858687051
2016-04,14,0.038441711375745174
2016-04,15,0.10492434884861386
2016-04,16,0.05735416572476739
2016-04,17,0.029876142276236015
2016-04,18,0.06088698702623574
2016-04,19,0.022390889410774422
2016-05,0,0.05167073427209447
2016-05,1,0.07710062509340208
2016-05,2,0.05020083703309751
2016-05,3,0.11214088898306833
2016-05,4,0.03118345558734217
2016-05,5,0.024786342859353907
2016-05,6,0.01585957272396566
2016-05,7,0.04403670027871123
2016-05,8,0.03862425922563313
2016-05,9,0.006663387471262801
2016-05,10,0.07048143558963464
2016-05,11,0.07259100616691191
2016-05,12,0.014763398318068714
2016-05,13,0.0334024565579354
2016-05,14,0.03389754889194147
2016-05,15,0.10061479648641827
2016-05,16,0.055013987190267094
2016-05,17,0.042879727283403835
2016-05,18,0.08345804400698814
2016-05,19,0.040630795980499415
2016-06,0,0.04409975833384552
2016-06,1,0.07911998953057246
2016-06,2,0.0843377682981118
2016-06,3,0.0964622069643395
2016-06,4,0.037125708052361164
2016-06,5,0.03142531555778509
2016-06,6,0.021885647750975765
2016-06,7,0.056177331941792814
2016-06,8,0.028508898166962997
2016-06,9,0.02291671498788494
2016-06,10,0.035432360771691374
2016-06,11,0.0781209346892604
2016-06,12,0.03673068513382856
2016-06,13,0.04123270884679141
2016-06,14,0.07650125913382395
2016-06,15,0.09688437362828452
2016-06,16,0.03646972994487844
2016-06,17,0.019775383807488982
2016-06,18,0.04515551560335699
2016-06,19,0.03163770885596324
2016-07,0,0.07891530591122077
2016-07,1,0.05331129189870721
2016-07,2,0.10416960256919881
2016-07,3,0.10012467004521301
2016-07,4,0.03621510086718688
2016-07,5,0.03633340832842573
2016-07,6,0.015302605805184232
2016-07,7,0.045663209874991756
2016-07,8,0.014583603684277602
2016-07,9,0.016892558619756
2016-07,10,0.014618712817853733
2016-07,11,0.10904726055918555
2016-07,12,0.022563742695115067
2016-07,13,0.023174411752801667
2016-07,14,0.044355901385151136
2016-07,15,0.12482087693545707
2016-07,16,0.04677078216948325
2016-07,17,0.0084276420871776
2016-07,18,0.07220424194999366
2016-07,19,0.032505070043619265
2016-08,0,0.046537318997894
2016-08,1,0.03942234148072088
2016-08,2,0.03649496862291301
2016-08,3,0.09127951616340883
2016-08,4,0.07632100720014216
2016-08,5,0.040207229531501125
2016-08,6,0.003861518435816636
2016-08,7,0.06575522422795789
2016-08,8,0.00420791769492084
2016-08,9,0.01859957690741848
2016-08,10,0.025264576940463218
2016-08,11,0.08330957545951388
2016-08,12,0.02714576412613573
2016-08,13,0.05859378675467435
2016-08,14,0.06440458511541865
2016-08,15,0.11359157249711371
2016-08,16,0.12012529854590831
2016-08,17,0.031220711574401337
2016-08,18,0.044044917184339845
2016-08,19,0.009612592539337187
2016-09,0,0.0749272213619619
2016-09,1,0.030316203589677317
2016-09,2,0.09069107232481015
2016-09,3,0.06813501506921396
2016-09,4,0.031510136152027655
2016-09,5,0.07283631259280271
2016-09,6,0.012212137365930653
2016-09,7,0.03520693389859253
2016-09,8,0.01441639666093164
2016-09,9,0.028705751619197174
2016-09,10,0.020857094910008436
2016-09,11,0.0414957222937057
2016-09,12,0.019355560076497656
2016-09,13,0.07587071716231719
2016-09,14,0.06145177162384377
2016-09,15,0.1044376351779542
2016-09,16,0.13530291620651147
2016-09,17,0.012797896638281278
2016-09,18,0.0601274842306218
2016-09,19,0.009346021045112871
2016-10,0,0.04809318643947449
2016-10,1,0.03774593851608881
2016-10,2,0.06629237896775259
2016-10,3,0.08586065354141524
2016-10,4,0.06021595913514604
2016-10,5,0.03627852738833126
2016-10,6,0.005468789852765903
2016-10,7,0.04596879424821537
2016-10,8,0.013725022227176106
2016-10,9,0.01161155167190325
2016-10,10,0.010115177814139776
2016-10,11,0.11611783735343212
2016-10,12,0.02845269866966989
2016-10,13,0.06130745224797672
2016-10,14,0.056773811746293
2016-10,15,0.1293130050256445
2016-10,16,0.08154420086702054
2016-10,17,0.017977564059303952
2016-10,18,0.04505270420615807
2016-10,19,0.04208474602209252
2016-11,0,0.050232381854874865
2016-11,1,0.04469555792181394
2016-11,2,0.07533687430492378
2016-11,3,0.07934461056349351
2016-11,4,0.038387726631659444
2016-11,5,0.06285685485795973
2016-11,6,0.014233811574874501
2016-11,7,0.042592571076329265
2016-11,8,0.012118590609708147
2016-11,9,0.008184452982897128
2016-11,10,0.04255771524950672
2016-11,11,0.10194004090470368
2016-11,12,0.02952611002431914
2016-11,13,0.04995371093034245
2016-11,14,0.02712079110339723
2016-11,15,0.12441446563144147
2016-11,16,0.10648019883423024
2016-11,17,0.010180197506430587
2016-11,18,0.04884905550446437
2016-11,19,0.030994281932629802
2016-12,0,0.028441884677092362
2016-12,1,0.04176893873455224
2016-12,2,0.10204668569557465
2016-12,3,0.07465269795947917
2016-12,4,0.03459246186330397
2016-12,5,0.09783252172843043
2016-12,6,0.013037082470268373
2016-12,7,0.03876621956752228
2016-12,8,0.016895577603049813
2016-12,9,0.010513259413843158
2016-12,10,0.030388745620212425
2016-12,11,0.06147644731315099
2016-12,12,0.0198121375108075
2016-12,13,0.040764324931340405
2016-12,14,0.0645623490694806
2016-12,15,0.09456944097790573
2016-12,16,0.161729123137717
2016-12,17,0.00391335458919295
2016-12,18,0.04868556159970415
2016-12,19,0.01555118553737181
2017-01,0,0.05121564893848271
2017-01,1,0.06328565380661894
2017-01,2,0.11519779261804473
2017-01,3,0.09971343957171147
2017-01,4,0.03120727949018174
2017-01,5,0.07932573886471356
2017-01,6,0.00956350312068355
2017-01,7,0.07051842227241224
2017-01,8,0.01892915152222074
2017-01,9,0.015575650958921335
2017-01,10,0.013652042410508824
2017-01,11,0.06684157184759618
2017-01,12,0.025507329100668556
2017-01,13,0.046038031958167976
2017-01,14,0.04154794972249243
2017-01,15,0.09155270644750373
2017-01,16,0.055257903789871596
2017-01,17,0.02826257929565866
2017-01,18,0.05568996651137562
2017-01,19,0.021117637752165488
2017-02,0,0.0629441620528965
2017-02,1,0.04275859613324005
2017-02,2,0.08864506523326737
2017-02,3,0.06909013758586321
2017-02,4,0.023835732859174164
2017-02,5,0.14126343267150143
2017-02,6,0.009135877792830314
2017-02,7,0.05917515375482237
2017-02,8,0.024117610452403414
2017-02,9,0.026608677699065594
2017-02,10,0.03332854960585256
2017-02,11,0.08008888265292187
2017-02,12,0.025511430587704602
2017-02,13,0.034340744884409864
2017-02,14,0.03799092402132849
2017-02,15,0.11198095256302582
2017-02,16,0.031738750861239
2017-02,17,0.017382281203417116
2017-02,18,0.051861382636514526
2017-02,19,0.02820165474852187
2017-03,0,0.07323835764731024
2017-03,1,0.0375525333114024
2017-03,2,0.07673657566971874
2017-03,3,0.10165891351162662
2017-03,4,0.04512011091899833
2017-03,5,0.08561148195391709
2017-03,6,0.010992360201703572
2017-03,7,0.0331452296813799
2017-03,8,0.01586807226599938
2017-03,9,0.01826660622201381
2017-03,10,0.04609613018365166
2017-03,11,0.11241907014547171
2017-03,12,0.02974987551833421
2017-03,13,0.04399540941437267
2017-03,14,0.04900657879907252
2017-03,15,0.10328574210787102
2017-03,16,0.0467059643968618
2017-03,17,0.013857178277818504
2017-03,18,0.03951217788408504
2017-03,19,0.017181631888391027
2017-04,0,0.0646444320688645
2017-04,1,0.03529684612486681
2017-04,2,0.023595800279423634
2017-04,3,0.1130162084379
2017-04,4,0.019627253673021865
2017-04,5,0.11088129899437234
2017-04,6,0.009860049920140168
2017-04,7,0.04673762831030589
2017-04,8,0.009283757983268784
2017-04,9,0.0068286522198478476
2017-04,10,0.04569307273647122
2017-04,11,0.07310642978347862
2017-04,12,0.028946743721070506
2017-04,13,0.1737513065184398
2017-04,14,0.03275051526767675
2017-04,15,0.09847990940217788
2017-04,16,0.034941001912365446
2017-04,17,0.02196893867393756
2017-04,18,0.038230002837213665
2017-04,19,0.012360151135156719
2017-05,0,0.04703742143650165
2017-05,1,0.04369040008175565
2017-05,2,0.08044353969552545
2017-05,3,0.050698825744165454
2017-05,4,0.08623546212731811
2017-05,5,0.14429650607027997
2017-05,6,0.00553378573369912
2017-05,7,0.09061587476532014
2017-05,8,0.016209268172123953
2017-05,9,0.01178844918394109
2017-05,10,0.023327799058535492
2017-05,11,0.05605559305298615
2017-05,12,0.02827585138428713
2017-05,13,0.03803815539234724
2017-05,14,0.031040454308994457
2017-05,15,0.09486841768066605
2017-05,16,0.020909815231287116
2017-05,17,0.03456398727390642
2017-05,18,0.07750579157815243
2017-05,19,0.018864602028206914
2017-06,0,0.09453496283746801
2017-06,1,0.047312813846912764
2017-06,2,0.048924275959476814
2017-06,3,0.06850044144730635
2017-06,4,0.10679302987059996
2017-06,5,0.06882462275586756
2017-06,6,0.011936364324730856
2017-06,7,0.06792577982945161
2017-06,8,0.011083084505363976
2017-06,9,0.012892358808671458
2017-06,10,0.03272223227447536
2017-06,11,0.13576244842735885
2017-06,12,0.02288467672514394
2017-06,13,0.04937487223724402
2017-06,14,0.04528606318159182
2017-06,15,0.10180140855321829
2017-06,16,0.021850071807221722
2017-06,17,0.005372779108235507
2017-06,18,0.03604861556582891
2017-06,19,0.010169097933832165
2017-07,0,0.06069598831108274
2017-07,1,0.07132446985929608
2017-07,2,0.08092367032447124
2017-07,3,0.0695986998828335
2017-07,4,0.0731993428152995
2017-07,5,0.06530722434616061
2017-07,6,0.01608945565516248
2017-07,7,0.07507667051550744
2017-07,8,0.0162729669534458
2017-07,9,0.014380476337149072
2017-07,10,0.024341935464740744
2017-07,11,0.08705954375260447
2017-07,12,0.027442988894798348
2017-07,13,0.027558175605787667
2017-07,14,0.05921641186060868
2017-07,15,0.1280217140446556
2017-07,16,0.04099296766933041
2017-07,17,0.007347764601064543
2017-07,18,0.035580828594976986
2017-07,19,0.019568704511024073
2017-08,0,0.059235145669344236
2017-08,1,0.06949024607282835
2017-08,2,0.07798383457675606
2017-08,3,0.05130080988630218
2017-08,4,0.052291622775122795
2017-08,5,0.08070487992142698
2017-08,6,0.03868400589648888
2017-08,7,0.10639144121152522
2017-08,8,0.008291763724714057
2017-08,9,0.009321331103278077
2017-08,10,0.01517974497727693
2017-08,11,0.07471638540643011
2017-08,12,0.025199517988576718
2017-08,13,0.03312239635243124
2017-08,14,0.06544046417580539
2017-08,15,0.08521252781149449
2017-08,16,0.03043463142738339
2017-08,17,0.01240448026660781
2017-08,18,0.07909002921955766
2017-08,19,0.025504741536649413
2017-09,0,0.035579431582122005
2017-09,1,0.05164206265223812
2017-09,2,0.05500192226141513
2017-09,3,0.038842243428693746
2017-09,4,0.05942358881595545
2017-09,5,0.06824293220297172
2017-09,6,0.021617584479934872
2017-09,7,0.07246821025235393
2017-09,8,0.017148992966791152
2017-09,9,0.043075253099715737
2017-09,10,0.02829100778032629
2017-09,11,0.09711040972156611
2017-09,12,0.03796184816285195
2017-09,13,0.02911708863362506
2017-09,14,0.04095553508387538
2017-09,15,0.11626612393771864
2017-09,16,0.028195683312270667
2017-09,17,0.023217178843838185
2017-09,18,0.07842879675881843
2017-09,19,0.05741410602291745
2017-10,0,0.030803074782031366
2017-10,1,0.029366540421004533
2017-10,2,0.04105047411099185
2017-10,3,0.05701762554891306
2017-10,4,0.03976094254068301
2017-10,5,0.07813985725820317
2017-10,6,0.010029175469897471
2017-10,7,0.0862355610781541
2017-10,8,0.007673337740771347
2017-10,9,0.03219668979195744
2017-10,10,0.030083497197697016
2017-10,11,0.12892467614357803
2017-10,12,0.03486707217230425
2017-10,13,0.04416487864836641
2017-10,14,0.03903224477067918
2017-10,15,0.1255821356180852
2017-10,16,0.031511875066198326
2017-10,17,0.028670218587514236
2017-10,18,0.04789260339551628
2017-10,19,0.07699751965745369
2017-11,0,0.033179593354859434
2017-11,1,0.08389023072181936
2017-11,2,0.039735782868266886
2017-11,3,0.051515241394475504
2017-11,4,0.12594729943294622
2017-11,5,0.04934213698446704
2017-11,6,0.057287611896907724
2017-11,7,0.05051143768341236
2017-11,8,0.01249172981008897
2017-11,9,0.007510301714163091
2017-11,10,0.03454358519769766
2017-11,11,0.046619609473606785
2017-11,12,0.02751441280854193
2017-11,13,0.03311419880728084
2017-11,14,0.03005805263182573
2017-11,15,0.14458452836092245
2017-11,16,0.019170782457799445
2017-11,17,0.015506879006528782
2017-11,18,0.11378582601214375
2017-11,19,0.023690759382246084
2017-12,0,0.041045641927091925
2017-12,1,0.04312655539931338
2017-12,2,0.15159451532101845
2017-12,3,0.04921207388031712
2017-12,4,0.08924112478419052
2017-12,5,0.11169366547021779
2017-12,6,0.028797809452235774
2017-12,7,0.03647621643654097
2017-12,8,0.040316118024856074
2017-12,9,0.006127642314711569
2017-12,10,0.023313526636729927
2017-12,11,0.05096870396776036
2017-12,12,0.023784121040199894
2017-12,13,0.033243824929646205
2017-12,14,0.0641037024023296
2017-12,15,0.12001292450447187
2017-12,16,0.012411042300119593
2017-12,17,0.023006621162369807
2017-12,18,0.04148066985126318
2017-12,19,0.010043500194615898
2018-01,0,0.04832323045511376
2018-01,1,0.06367420988881249
2018-01,2,0.11503751348116209
2018-01,3,0.039948949244486665
2018-01,4,0.04581249547260977
2018-01,5,0.06966086722173088
2018-01,6,0.010097474553087854
2018-01,7,0.06430980609279563
2018-01,8,0.05879779391009111
2018-01,9,0.04339611956236935
2018-01,10,0.037093521641438316
2018-01,11,0.047015664385628764
2018-01,12,0.02994871705209653
2018-01,13,0.03507621954536963
2018-01,14,0.07012462273808007
2018-01,15,0.08680481196250989
2018-01,16,0.01135095204661758
2018-01,17,0.012280891875692514
2018-01,18,0.10035864949489857
2018-01,19,0.01088748937540845
2018-02,0,0.047049671178713906
2018-02,1,0.07609490273564816
2018-02,2,0.12920223073976042
2018-02,3,0.04935876908516758
2018-02,4,0.01468638002606664
2018-02,5,0.048302504964455546
2018-02,6,0.02163451307123124
2018-02,7,0.04904026440976259
2018-02,8,0.03214626230960897
2018-02,9,0.05346323962499804
2018-02,10,0.02226842553675364
2018-02,11,0.058958727780162784
2018-02,12,0.028485067079374784
2018-02,13,0.033211516732704637
2018-02,14,0.04959589298978705
2018-02,15,0.10960909893283881
2018-02,16,0.07538969809042731
2018-02,17,0.012218671738626575
2018-02,18,0.077041840042235
2018-02,19,0.012242322931676373
2018-03,0,0.0560764914718404
2018-03,1,0.08920198820488542
2018-03,2,0.08009813289377325
2018-03,3,0.0440405830605385
2018-03,4,0.09321600236253196
2018-03,5,0.03849702130867797
2018-03,6,0.010140806733845176
2018-03,7,0.04368367110422847
2018-03,8,0.014573033811635579
2018-03,9,0.04562031060718607
2018-03,10,0.03248421758771084
2018-03,11,0.03752954680826697
2018-03,12,0.02186276785117461
2018-03,13,0.022833543654646227
2018-03,14,0.038992123786439035
2018-03,15,0.11956393385047082
2018-03,16,0.11498759718537922
2018-03,17,0.015433754613549826
2018-03,18,0.06660549480579497
2018-03,19,0.01455897829742475
2018-04,0,0.06575377727836525
2018-04,1,0.047073946854331764
2018-04,2,0.05961667640823814
2018-04,3,0.096667793518123
2018-04,4,0.042193720660161284
2018-04,5,0.07074359277478853
2018-04,6,0.012390764448126652
2018-04,7,0.0702263045793316
2018-04,8,0.02715315977536666
2018-04,9,0.005413380157408321
2018-04,10,0.013220707542075483
2018-04,11,0.03927208891342598
2018-04,12,0.021371225158657577
2018-04,13,0.13318292462895545
2018-04,14,0.05460323878269052
2018-04,15,0.08282600484029172
2018-04,16,0.02987212540735442
2018-04,17,0.0802853164743535
2018-04,18,0.04014437249828558
2018-04,19,0.007988879299668641
2018-05,0,0.03789515309525086
2018-05,1,0.05088534774478885
2018-05,2,0.06316842440110478
2018-05,3,0.05829383273122509
2018-05,4,0.022779950814333396
2018-05,5,0.08010900884652816
2018-05,6,0.024136352304707762
2018-05,7,0.16539686475254206
2018-05,8,0.04299373816458458
2018-05,9,0.005093728749694815
2018-05,10,0.007732579818982926
2018-05,11,0.05174867101209634
2018-05,12,0.02936884381084174
2018-05,13,0.04261672797971689
2018-05,14,0.023906307697273987
2018-05,15,0.09382662725762651
2018-05,16,0.014770654448970853
2018-05,17,0.0792538643320099
2018-05,18,0.07260537932700563
2018-05,19,0.03341794271071486
2018-06,0,0.027686143287312403
2018-06,1,0.0879535416519135
2018-06,2,0.07610515426085268
2018-06,3,0.03395840260334803
2018-06,4,0.06881825101630111
2018-06,5,0.0596708225546519
2018-06,6,0.025353976444093984
2018-06,7,0.06589270447950774
2018-06,8,0.03551862087649409
2018-06,9,0.012880470295705737
2018-06,10,0.017655119453724152
2018-06,11,0.014251078068745754
2018-06,12,0.030213589136502964
2018-06,13,0.026166572368064366
2018-06,14,0.07813384411211982
2018-06,15,0.1418657230284647
2018-06,16,0.028997671613064723
2018-06,17,0.05969954732215636
2018-06,18,0.09425722907992036
2018-06,19,0.014921538347055676
2018-07,0,0.06338200633416245
2018-07,1,0.07989153250361677
2018-07,2,0.1204451185260098
2018-07,3,0.03680731096224766
2018-07,4,0.021198314675364573
2018-07,5,0.06518467565824958
2018-07,6,0.013349418409132077
2018-07,7,0.0836582397454934
2018-07,8,0.01722066842910578
2018-07,9,0.011750963349280366
2018-07,10,0.04533253585752486
2018-07,11,0.047719195483002
2018-07,12,0.029905898093114048
2018-07,13,0.0348371437879816
2018-07,14,0.04764801871602651
2018-07,15,0.1311073311258055
2018-07,16,0.04094301986238703
2018-07,17,0.06357779380734846
2018-07,18,0.044520719896197755
2018-07,19,0.0015200947779498715
2018-08,0,0.04549980534967985
2018-08,1,0.06933703255325548
2018-08,2,0.06184828152282035
2018-08,3,0.08136744381439026
2018-08,4,0.09250381482407986
2018-08,5,0.04548868741741885
2018-08,6,0.011633710671386356
2018-08,7,0.0827046897471958
2018-08,8,0.021673197600188408
2018-08,9,0.015018247273544427
2018-08,10,0.017153975394991965
2018-08,11,0.08203376946342657
2018-08,12,0.052721043323284665
2018-08,13,0.012879695895618631
2018-08,14,0.06921192528903862
2018-08,15,0.11297301731826988
2018-08,16,0.010555351394349946
2018-08,17,0.054798653993128645
2018-08,18,0.04073053488776635
2018-08,19,0.01986712226616514
2018-09,0,0.058703820485574626
2018-09,1,0.0963044431990955
2018-09,2,0.07037136224762325
2018-09,3,0.06460802408858964
2018-09,4,0.03213016747316041
2018-09,5,0.08479823869336674
2018-09,6,0.007147194236066556
2018-09,7,0.1007027614960516
2018-09,8,0.02008304340750571
2018-09,9,0.006120136060750131
2018-09,10,0.05031641732649796
2018-09,11,0.05486385022647553
2018-09,12,0.04486553072676098
2018-09,13,0.073142080323984
2018-09,14,0.052360323625005006
2018-09,15,0.10325215251952512
2018-09,16,0.017948586198931468
2018-09,17,0.004291177560268803
2018-09,18,0.031359766604188856
2018-09,19,0.026630923500578198
2018-10,0,0.06551515657382515
2018-10,1,0.10629771158790172
2018-10,2,0.06929814854291992
2018-10,3,0.05404871274466349
2018-10,4,0.208536604886446
2018-10,5,0.08159987496181878
2018-10,6,0.012162578674879621
2018-10,7,0.03771689591355298
2018-10,8,0.01969952601646667
2018-10,9,0.04137024874708321
2018-10,10,0.015724105473529083
2018-10,11,0.015408692555942217
2018-10,12,0.02032298638573543
2018-10,13,0.012682417555252925
2018-10,14,0.030611447479732636
2018-10,15,0.09189376013155365
2018-10,16,0.014918337942944889
2018-10,17,0.05377345331092753
2018-10,18,0.04506358623334337
2018-10,19,0.003355754281480778
2018-11,0,0.0881028173587534
2018-11,1,0.09558947366767741
2018-11,2,0.05570138405119792
2018-11,3,0.08001105669844637
2018-11,4,0.1432734382909083
2018-11,5,0.05156521338774732
2018-11,6,0.010580727203799404
2018-11,7,0.05291194068346443
2018-11,8,0.01789190525201947
2018-11,9,0.020188092500185818
2018-11,10,0.015748449433070254
2018-11,11,0.023991418866620182
2018-11,12,0.018947862217258075
2018-11,13,0.014960805578551114
2018-11,14,0.03460505588018374
2018-11,15,0.09229342663530206
2018-11,16,0.01622682815303342
2018-11,17,0.08078961092609024
2018-11,18,0.08400532935647231
2018-11,19,0.002615163859218894
2018-12,0,0.09449708108749927
2018-12,1,0.08982023763127144
2018-12,2,0.07823058803415046
2018-12,3,0.08241342848893654
2018-12,4,0.10080614590290528
2018-12,5,0.05541715321478471
2018-12,6,0.03482021906713731
2018-12,7,0.03202632760992944
2018-12,8,0.008421950015349837
2018-12,9,0.026037398116360445
2018-12,10,0.026633835245621774
2018-12,11,0.041740379138842744
2018-12,12,0.02482772608400291
2018-12,13,0.026538010352708943
2018-12,14,0.034615043953352555
2018-12,15,0.08225771119425755
2018-12,16,0.01398090961327103
2018-12,17,0.034090189615567826
2018-12,18,0.09703858025732427
2018-12,19,0.01578708537672567
